userid,user_name,user_href,user_join_date
007ace,007ace,/u/007ace,2016-07-01
15bq1a05k9,Waseem Farooq Shaik,/u/15bq1a05k9,2019-01-01
1HONEY,Wait and try again,/u/1HONEY,1900-01-01
1JohnSmith1,John Smith,/u/1JohnSmith1,2019-10-01
1RobertJohnson1,1RobertJohnson1,/u/1RobertJohnson1,2019-10-01
2_Fast-22,2_Fast-22,/u/2_Fast-22,2024-10-01
20thCentury,20thCentury,/u/20thCentury,2020-07-01
251Family,251Family,/u/251Family,2021-01-01
40w2000,40w2000,/u/40w2000,2017-12-01
4EverFinalGirl,4EverFinalGirl,/u/4EverFinalGirl,2021-11-01
5rJoud,5rJoud,/u/5rJoud,2021-07-01
6Spirals,6Spirals,/u/6Spirals,2024-01-01
a7a8524,a7a8524,/u/a7a8524,2022-04-01
Aaaidan,Aaaidan,/u/Aaaidan,2020-05-01
Aakif,Aakif,/u/Aakif,2021-03-01
aardwark69,aardwark69,/u/aardwark69,2020-04-01
Abro,Abro,/u/Abro,2017-12-01
accioconnor,accioconnor,/u/accioconnor,2016-05-01
AdamRife,Adam Rife,/u/AdamRife,2020-09-01
adishake,Adishake,/u/adishake,2019-10-01
AdmiralToad,Admiral Toad,/u/AdmiralToad,2016-09-01
adolfohumano,adolfohumano,/u/adolfohumano,2023-01-01
adorablepanic,adorablepanic,/u/adorablepanic,2020-04-01
Adson68,Adson68,/u/Adson68,2022-09-01
AhmadZQ,Ahmad,/u/AhmadZQ,2018-03-01
ahmedaiman99,ahmedaiman99,/u/ahmedaiman99,2019-06-01
ahmedrezik,ahmedrezik,/u/ahmedrezik,2020-02-01
Ahmetaslan27,Ahmetaslan27,/u/Ahmetaslan27,2021-02-01
AJGibbs,AJGibbs,/u/AJGibbs,2017-12-01
akarshv,akarshv,/u/akarshv,2023-03-01
akashmahajan,akashmahajan,/u/akashmahajan,2018-11-01
akshatjain7573,akshatjain7573,/u/akshatjain7573,2022-07-01
Alba11_Rose27,Alba11_Rose27,/u/Alba11_Rose27,2015-04-01
albuainain,albuainain,/u/albuainain,2024-09-01
AlCar,AlCar,/u/AlCar,2017-02-01
alksjalksj,alksjalksj,/u/alksjalksj,2021-12-01
allthingsmoviesandtv,All Things Movies and TV,/u/allthingsmoviesandtv,2022-07-01
alltimemarr,Marr 🇳🇱,/u/alltimemarr,2015-03-01
Almando,Almando,/u/Almando,2022-12-01
Alok9t7,Alok9t7,/u/Alok9t7,2022-12-01
amanshroff,amanshroff,/u/amanshroff,2018-01-01
AmazoniaNOTAmazon,AmazoniaNOTAmazon,/u/AmazoniaNOTAmazon,2019-09-01
Amos3,Amos3,/u/Amos3,2021-11-01
AndrewGentry,Andrew Gentry,/u/AndrewGentry,2018-08-01
AndrewMartinez,AndrewMartinez,/u/AndrewMartinez,2019-10-01
andromache,andromache,/u/andromache,2022-12-01
AndryX7,AndryX7,/u/AndryX7,2017-10-01
angrek,angrek,/u/angrek,2013-05-01
anhthanh260599,anhthanh260599,/u/anhthanh260599,2024-01-01
anilambaniworks,anilambaniworks,/u/anilambaniworks,2018-12-01
annaaaaaa,annaaaaaa,/u/annaaaaaa,2019-10-01
AnnS.,AnnS.,/u/AnnS.,2024-08-01
anthonypagan1975,anthonypagan1975,/u/anthonypagan1975,2014-12-01
anthonyryan1,anthonyryan1,/u/anthonyryan1,2012-07-01
antimony,antimony,/u/antimony,2018-09-01
ANTIVICTORIA,ANTIVICTORIA,/u/ANTIVICTORIA,2021-06-01
Antoine53,Antoine53,/u/Antoine53,2023-01-01
Anton2k,Anton2k,/u/Anton2k,2012-07-01
anythingbutfifi,anythingbutfifi,/u/anythingbutfifi,2017-03-01
aochin,aochin,/u/aochin,2024-06-01
april422,Purplehearts,/u/april422,2017-11-01
aptaunk,aptaunk,/u/aptaunk,2016-06-01
Aqueronte72,Aqueronte72,/u/Aqueronte72,2022-04-01
aquiluus,aquiluus,/u/aquiluus,2022-04-01
Arcanum101,Rob,/u/Arcanum101,2023-05-01
ARGMAN,ARGMAN,/u/ARGMAN,2020-07-01
arshiaborjali,Arshia Borjali,/u/arshiaborjali,2020-12-01
Artillerysalvo,Max,/u/Artillerysalvo,2023-11-01
artisticritic,Alex Wen,/u/artisticritic,2014-07-01
artlawless,artlawless,/u/artlawless,2019-01-01
ashkan_2200,Ashkan,/u/ashkan_2200,2015-04-01
AstroNoud,AstroNoud,/u/AstroNoud,2020-05-01
atarimega,William,/u/atarimega,2013-06-01
atclubsilencio,Jacob,/u/atclubsilencio,2014-01-01
atpar4,atpar4,/u/atpar4,2014-09-01
ausfem,AusFem,/u/ausfem,2017-02-01
ausher8,ausher8,/u/ausher8,2016-06-01
aushro3,aushro3,/u/aushro3,2022-05-01
austinmgray,austinmgray,/u/austinmgray,2023-11-01
BadChristian,BadChristian,/u/BadChristian,2018-11-01
badelf,badelf,/u/badelf,2012-08-01
balumahendran,balumahendran,/u/balumahendran,2016-04-01
barrymost,barrymost,/u/barrymost,2019-07-01
bastag,Giovanni,/u/bastag,2020-08-01
Baswaraj1986,Baswaraj Gandigude,/u/Baswaraj1986,2021-08-01
baycon792,baycon792,/u/baycon792,2018-04-01
Bazzjazz,Bazzjazz,/u/Bazzjazz,2018-04-01
bcorrel2,bcorrel2,/u/bcorrel2,2022-02-01
behindthecurtains,behindthecurtains,/u/behindthecurtains,2018-08-01
belemo,belemo,/u/belemo,2019-11-01
benefits247,This user has been suspended,/u/benefits247,1900-01-01
bensonmum2,bensonmum2,/u/bensonmum2,2017-12-01
benzotone,T,/u/benzotone,2022-01-01
BEORH,BEORH,/u/BEORH,2023-06-01
bermillo.mrk,bermillo.mrk,/u/bermillo.mrk,2020-01-01
Bertaut,Stephen Campbell,/u/Bertaut,2019-03-01
BertenErnie,BertenErnie,/u/BertenErnie,2019-11-01
bestchallenger,bestchallenger,/u/bestchallenger,2017-12-01
betterlikethat,betterlikethat,/u/betterlikethat,2023-08-01
betty.vogl,betty.vogl,/u/betty.vogl,2019-03-01
beyondthecineramadome,beyondthecineramadome,/u/beyondthecineramadome,2022-06-01
BiankaMalburg,BiankaMalburg,/u/BiankaMalburg,2022-04-01
bigbassdrum,bigbassdrum,/u/bigbassdrum,2015-06-01
bigchris18,bigchris18,/u/bigchris18,2018-11-01
bigchris1928,bigchris1928,/u/bigchris1928,2018-03-01
bigchrisdye,bigchrisdye,/u/bigchrisdye,2018-11-01
bigfatboy,bigfatboy,/u/bigfatboy,2017-11-01
BiGuy,BiGuy,/u/BiGuy,2021-11-01
bilalmirza71,Bilal Ahmed Mirza,/u/bilalmirza71,2024-06-01
billyboy,billyboy,/u/billyboy,2012-12-01
BinaryCrunch,Rob,/u/BinaryCrunch,2015-07-01
Binawoo,Binawoo,/u/Binawoo,2014-08-01
Binayak,Binayak,/u/Binayak,2020-03-01
BL1%21,BL1!,/u/BL1%21,2024-06-01
BlackDiamondBass97,Bryan Nguyen,/u/BlackDiamondBass97,2018-01-01
blackpanzero,blackpanzero,/u/blackpanzero,2020-07-01
BlackSails,BlackSails,/u/BlackSails,2024-09-01
blee777,Brandon,/u/blee777,2020-01-01
bluedevil667,bluedevil667,/u/bluedevil667,2023-05-01
bob9000,This user has been suspended,/u/bob9000,1900-01-01
bodokh,bodokh,/u/bodokh,2016-01-01
bonesandall,tyler,/u/bonesandall,2022-09-01
BonStevenson,BonStevenson,/u/BonStevenson,2019-10-01
BoomCinema,BoomCinema,/u/BoomCinema,2019-05-01
BornKnight,BornKnight,/u/BornKnight,2022-04-01
bosladi25,bosladi25,/u/bosladi25,2024-03-01
BradFlix,BradFlix,/u/BradFlix,2013-11-01
BradleyStewart,BradleyStewart,/u/BradleyStewart,2019-10-01
bramblebark,This user has been suspended,/u/bramblebark,1900-01-01
BrandonEvans,BrandonEvans,/u/BrandonEvans,2019-10-01
BrazenEquine,BrazenEquine,/u/BrazenEquine,2023-07-01
brekkil,Kenneth Axel Carlsson,/u/brekkil,2014-12-01
Brent_Marchant,Brent Marchant,/u/Brent_Marchant,2023-05-01
bretthardin,Brett Hardin,/u/bretthardin,2013-04-01
BrianLewis,BrianLewis,/u/BrianLewis,2019-10-01
brightonguy,Jack,/u/brightonguy,2013-08-01
Broadwaygirl918,Melissa Goldfine,/u/Broadwaygirl918,2019-05-01
brooket123,brooket123,/u/brooket123,2020-10-01
BryceSpencer,This user has been suspended,/u/BryceSpencer,1900-01-01
BudLightYear,BudLightYear,/u/BudLightYear,2021-05-01
Bulletproof5FDP,Bulletproof5FDP,/u/Bulletproof5FDP,2017-03-01
buycki,buycki,/u/buycki,2017-12-01
buzybug,buzybug,/u/buzybug,2017-07-01
bycalvin,Cal,/u/bycalvin,2021-10-01
cabji,cabji,/u/cabji,2018-05-01
cactuz911,cactuz911,/u/cactuz911,2014-01-01
cadkaup,cadkaup,/u/cadkaup,2019-03-01
Cam864,Cam864,/u/Cam864,2018-10-01
CanadianOranges,Adriano,/u/CanadianOranges,2022-01-01
CaseyReese,CaseyReese,/u/CaseyReese,2023-02-01
casinoslotguy,casinoslotguy,/u/casinoslotguy,2013-05-01
CatEllington,This user has been suspended,/u/CatEllington,1900-01-01
cavemanharris,cavemanharris,/u/cavemanharris,2024-03-01
ceefoo,ceefoo,/u/ceefoo,2017-02-01
cevangelista413,cevangelista413,/u/cevangelista413,2017-02-01
CGGB,CGGB,/u/CGGB,2013-08-01
chadrico,chadrico,/u/chadrico,2018-04-01
chandlerdanier,Chandler Danier,/u/chandlerdanier,2023-12-01
Charles+Dance,This user has been suspended,/u/Charles+Dance,1900-01-01
CharlesTatum,Charles Tatum,/u/CharlesTatum,2017-10-01
CharlesTheBold,CharlesTheBold,/u/CharlesTheBold,2017-02-01
charliehrnr06,charliehrnr06,/u/charliehrnr06,2023-01-01
CheauxFoure,E.J. Cummings,/u/CheauxFoure,2019-04-01
cherry19,Del29,/u/cherry19,2019-02-01
chosengreatone,chosengreatone,/u/chosengreatone,2023-09-01
Chris%21,Chris,/u/Chris%21,2010-08-01
Chrisman1989,chrisman28,/u/Chrisman1989,2017-06-01
Chrisman28,chris,/u/Chrisman28,2017-08-01
chrisman89,Chris,/u/chrisman89,2021-05-01
ChrisSawin,Chris Sawin,/u/ChrisSawin,2020-01-01
chwalid13,Ch Walid,/u/chwalid13,2018-01-01
cigarnoob,cigarnoob,/u/cigarnoob,2012-12-01
cineast78,cineast78,/u/cineast78,2023-02-01
cinefetch,cinefetch,/u/cinefetch,2023-09-01
Cinema_Snobb,Cinema_Snobb,/u/Cinema_Snobb,2024-02-01
cinephilic,Sury,/u/cinephilic,2023-12-01
Cineport,Cineport,/u/Cineport,2015-11-01
Cith%C3%BC,Cithü,/u/Cith%C3%BC,2013-11-01
citizen226,citizen226,/u/citizen226,2021-03-01
cityguide,Wait and try again,/u/cityguide,1900-01-01
cjordahl,Wait and try again,/u/cjordahl,1900-01-01
cleverashu,cleverashu,/u/cleverashu,2022-03-01
clivend,clivend,/u/clivend,2020-10-01
cloister56,cloister56,/u/cloister56,2017-02-01
clumsy_fool420,clumsy_fool420,/u/clumsy_fool420,2022-04-01
CocoSea,Coco Sea,/u/CocoSea,2023-12-01
ColinJ,ColinJ,/u/ColinJ,2017-02-01
COLONELGEORGETAYLOR,COLONELGEORGETAYLOR,/u/COLONELGEORGETAYLOR,2024-01-01
Columbusbuck,Rodney Wollam,/u/Columbusbuck,2017-02-01
ComparisonWorld,ComparisonWorld,/u/ComparisonWorld,2018-09-01
confused_npc,confused_npc,/u/confused_npc,2024-06-01
cooldude1983,cooldude1983,/u/cooldude1983,2024-02-01
Coronavirus,Wait and try again,/u/Coronavirus,1900-01-01
CouchTater,CouchTater,/u/CouchTater,2014-09-01
courtlynn,courtlynn,/u/courtlynn,2019-05-01
cracker13,cracker13,/u/cracker13,2018-03-01
crackerboi,crackerboi,/u/crackerboi,2018-04-01
CraigJamesReview,CraigJamesReview,/u/CraigJamesReview,2017-02-01
crastana,crastana,/u/crastana,2022-07-01
Crazypiglady,Crazypiglady,/u/Crazypiglady,2022-12-01
crazyrobinhood,crazyrobinhood,/u/crazyrobinhood,2023-10-01
CRCulver,CRCulver,/u/CRCulver,2014-06-01
CreatorBrahma,CreatorBrahma,/u/CreatorBrahma,2022-12-01
Crenor,Crenor,/u/Crenor,2018-02-01
crestinanonim,crestinanonim,/u/crestinanonim,2018-10-01
CrisisDog,CrisisDog,/u/CrisisDog,2011-12-01
crowlord,Paul Songer,/u/crowlord,2017-12-01
cryodome,cryodome,/u/cryodome,2019-09-01
CuriousAstronaut,CuriousAstronaut,/u/CuriousAstronaut,2017-02-01
CustomerConsumer,CustomerConsumer,/u/CustomerConsumer,2018-07-01
cutprintchris,cutprintchris,/u/cutprintchris,2015-11-01
Cuzonair,Cuzonair,/u/Cuzonair,2020-10-01
CuzzinCoo,Cuzzin Coo,/u/CuzzinCoo,2023-04-01
Cwf97,This user has been suspended,/u/Cwf97,1900-01-01
Cyberknight,Cyberknight,/u/Cyberknight,2019-07-01
cydeltutoy,cydeltutoy,/u/cydeltutoy,2018-02-01
CynicusRex,CynicusRex,/u/CynicusRex,2023-09-01
CyrusPK,CyrusPK,/u/CyrusPK,2017-12-01
d54.pod,d54.pod,/u/d54.pod,2022-04-01
daisyrowley,daisyrowley,/u/daisyrowley,2018-07-01
Daks88,Daks88,/u/Daks88,2022-03-01
dalboz,Sheldon Nylander,/u/dalboz,2019-03-01
DallasBob,DallasBob,/u/DallasBob,2021-07-01
damaja,Adam CJ,/u/damaja,2012-01-01
Dan_Tebasco,Dan_Tebasco,/u/Dan_Tebasco,2017-02-01
DanDare,DanDare,/u/DanDare,2017-02-01
DanielThomas,DanielThomas,/u/DanielThomas,2019-10-01
Dark+Jedi,Per Gunnar Jonsson,/u/Dark+Jedi,2012-10-01
Darren_Hardesty,Darren_Hardesty,/u/Darren_Hardesty,2023-05-01
darrenhamilton14,darrenhamilton14,/u/darrenhamilton14,2012-05-01
Datapotomus,Datapotomus,/u/Datapotomus,2014-03-01
Dave09,Dave09,/u/Dave09,2013-12-01
david+j+moore,david j moore,/u/david+j+moore,2015-03-01
DavidBrown1,DavidBrown1,/u/DavidBrown1,2019-10-01
davidfortoday,davidfortoday,/u/davidfortoday,2021-04-01
DavidTIlanTF,DAVID TILAN,/u/DavidTIlanTF,2023-06-01
davlaga,davlaga,/u/davlaga,2023-05-01
Dax47,Dax47,/u/Dax47,2018-03-01
dbgallup,dbgallup,/u/dbgallup,2021-09-01
dbzgal04,dbzgal04,/u/dbzgal04,2017-03-01
DCthaGod,DCthaGod,/u/DCthaGod,2023-08-01
deadrody,deadrody,/u/deadrody,2023-04-01
debasish.lipu46%40gmail.com,debasish.lipu46@gmail.com,/u/debasish.lipu46%40gmail.com,2019-11-01
debweb99,debweb99,/u/debweb99,2014-05-01
decovision,decovision,/u/decovision,2015-09-01
defjeff,defjeff,/u/defjeff,2017-02-01
demonstosome,Tiffany Lynn,/u/demonstosome,2017-01-01
Denishux,Denishux,/u/Denishux,2022-12-01
dennyjt,dennyjt,/u/dennyjt,2022-07-01
depost83,depost83,/u/depost83,2022-10-01
derbstyron,derbstyron,/u/derbstyron,2022-12-01
deRedtube,This user has been suspended,/u/deRedtube,1900-01-01
Devin+Squire,Devin G. Squire,/u/Devin+Squire,2015-09-01
deyber,Juan,/u/deyber,2022-08-01
dezmozegreato,dezmozegreato,/u/dezmozegreato,2018-01-01
dfle3,Wait and try again,/u/dfle3,1900-01-01
dgood826,dgood826,/u/dgood826,2017-06-01
Dharunn_,Dharunn,/u/Dharunn_,2023-04-01
dhruvin2412,Wait and try again,/u/dhruvin2412,1900-01-01
di1324,di1324,/u/di1324,2020-04-01
Differ,Differ,/u/Differ,2021-12-01
dinosaursmile,aaaaaaaaaaaaaaa,/u/dinosaursmile,2020-03-01
diogenissk,Diogenis,/u/diogenissk,2017-12-01
disasteroidd420,disasteroidd420,/u/disasteroidd420,2020-09-01
Ditendra,Dean,/u/Ditendra,2016-06-01
djdole,DJDole,/u/djdole,2011-04-01
djgri,djgri,/u/djgri,2017-04-01
djwildbill,djwildbill,/u/djwildbill,2017-08-01
dmaloir,dmaloir,/u/dmaloir,2014-11-01
dnavratil,David Navratil,/u/dnavratil,2016-04-01
DocTerminus,DocTerminus,/u/DocTerminus,2021-10-01
DohnJoe,DohnJoe,/u/DohnJoe,2019-03-01
doktorkraesch,doktorkraesch,/u/doktorkraesch,2015-02-01
DonGable,DonGable,/u/DonGable,2019-03-01
DonnyPie,DonnyPie,/u/DonnyPie,2017-05-01
donovanhill27,donovanhill27,/u/donovanhill27,2018-12-01
dop.amin,Amin,/u/dop.amin,2024-01-01
DorkinessForLove,This user has been suspended,/u/DorkinessForLove,1900-01-01
Dornail,Dornail,/u/Dornail,2023-04-01
dorran,dorran,/u/dorran,2024-05-01
DoryDarko,DoryDarko,/u/DoryDarko,2017-02-01
DoubleUK,DoubleUK,/u/DoubleUK,2017-02-01
doubleyoudot,doubleyoudot,/u/doubleyoudot,2020-05-01
DougG_YVR,DougG_YVR,/u/DougG_YVR,2022-04-01
dragipostolovski,Dragi Postolovski,/u/dragipostolovski,2021-07-01
dragon_boi,dragon_boi,/u/dragon_boi,2017-02-01
dragos2005123,dragos2005123,/u/dragos2005123,2018-08-01
DRDMovieMusings,DRDMovieMusings,/u/DRDMovieMusings,2017-02-01
DrewBlack,DrewBlack,/u/DrewBlack,2021-02-01
Driver,Driver,/u/Driver,2012-10-01
drtvnut89,drtvnut89,/u/drtvnut89,2017-11-01
drystyx,drystyx,/u/drystyx,2023-04-01
dshacky90,dshacky90,/u/dshacky90,2018-03-01
Dsnake1,Dsnake1,/u/Dsnake1,2016-06-01
dumasori,dumasori,/u/dumasori,2024-01-01
DungNB1,Dung Nguyen,/u/DungNB1,2019-06-01
Duplicitous_Tardigrade,Duplicitous_Tardigrade,/u/Duplicitous_Tardigrade,2024-01-01
dutchdutch,dutchdutch,/u/dutchdutch,2020-01-01
dyefacomp,dyefacomp,/u/dyefacomp,2013-06-01
dylaneamusic,dylaneamusic,/u/dylaneamusic,2019-01-01
Eazyryda,Eazyryda,/u/Eazyryda,2014-08-01
echeng,echeng,/u/echeng,2021-08-01
EDSR,This user has been suspended,/u/EDSR,1900-01-01
edu2703,edu2703,/u/edu2703,2022-04-01
EdwardLee,EdwardLee,/u/EdwardLee,2019-10-01
edwecks,edwecks,/u/edwecks,2022-03-01
EgorSushko,EgorSushko,/u/EgorSushko,2019-05-01
ehabsalah,ehabsalah,/u/ehabsalah,2017-10-01
EjBlackCherry,Erin Taylor,/u/EjBlackCherry,2015-06-01
ekaari,ekaari,/u/ekaari,2022-09-01
Eky,Eky,/u/Eky,2012-06-01
ElbekAzimjonov7,ElbekAzimjonov7,/u/ElbekAzimjonov7,2023-08-01
elihonan,elihonan,/u/elihonan,2023-12-01
elshaarawy,elshaarawy,/u/elshaarawy,2016-03-01
EmkEyen,EmkEyen,/u/EmkEyen,2017-11-01
EmmanuelGoldstein,EmmanuelGoldstein,/u/EmmanuelGoldstein,2023-07-01
enjoy_jer,enjoy_jer,/u/enjoy_jer,2019-07-01
EricHill,EricHill,/u/EricHill,2019-10-01
erick_cabral,Erick Cabral,/u/erick_cabral,2020-05-01
erickprieto,erickprieto,/u/erickprieto,2018-05-01
ermozart,Christian Butoi,/u/ermozart,2023-12-01
erosap,erosap,/u/erosap,2022-12-01
esam.mosbah,esam.mosbah,/u/esam.mosbah,2018-09-01
EthicalAndroid,EthicalAndroid,/u/EthicalAndroid,2023-03-01
EvilWayz,EvilWayz,/u/EvilWayz,2016-08-01
extoix,extoix,/u/extoix,2015-07-01
FahadAnwarO,FahadAnwarO,/u/FahadAnwarO,2013-06-01
farazmushtaqk,Faraz Khan,/u/farazmushtaqk,2022-10-01
FarSky,Matt Golden,/u/FarSky,2013-03-01
farthington,farthington,/u/farthington,2024-01-01
Fatota,Fatota,/u/Fatota,2015-10-01
fatso19,fatso19,/u/fatso19,2019-03-01
fatso29,fatso29,/u/fatso29,2019-03-01
fenicka,fenicka,/u/fenicka,2018-03-01
Feofan,Feofan,/u/Feofan,2018-10-01
fernandocbl,fernandocbl,/u/fernandocbl,2013-09-01
FilipeManuelNeto,Filipe Manuel Neto,/u/FilipeManuelNeto,2018-02-01
Film.Viewer.999,Film.Viewer.999,/u/Film.Viewer.999,2021-04-01
FilmRaj,FilmRaj,/u/FilmRaj,2024-03-01
fireheart92,fireheart92,/u/fireheart92,2023-07-01
Fixyf,Fixyf,/u/Fixyf,2020-02-01
flabob257,flabob257,/u/flabob257,2017-05-01
FlamboyantRose,🌹 Rose,/u/FlamboyantRose,2017-02-01
flashman56,flashman56,/u/flashman56,2018-05-01
fLeno,Leno,/u/fLeno,2018-05-01
FleshWound,FleshWound,/u/FleshWound,2021-05-01
Flixfan,Flixfan,/u/Flixfan,2017-04-01
FlixxFlyy,FlixxFlyy,/u/FlixxFlyy,2020-10-01
flysgirl2013,Kim Brown,/u/flysgirl2013,2024-06-01
fourfridays,fourfridays,/u/fourfridays,2017-12-01
Fox.red,Fox.red,/u/Fox.red,2021-01-01
Foxxxy33,Miss Foxxxy33,/u/Foxxxy33,2018-03-01
Frank+Ochieng,Frank Ochieng,/u/Frank+Ochieng,2015-10-01
frank12,frank12,/u/frank12,2019-03-01
frankbama,frankbama,/u/frankbama,2021-06-01
frmfm,frmfm,/u/frmfm,2022-10-01
FrontrunnerParis,FrontrunnerParis,/u/FrontrunnerParis,2020-10-01
fuckIMDB1,fuckIMDB1,/u/fuckIMDB1,2022-12-01
fung0,fung0,/u/fung0,2017-12-01
furious_iz,furious_iz,/u/furious_iz,2017-02-01
futuretv,futuretv,/u/futuretv,2014-04-01
FWMAM,FWMAM,/u/FWMAM,2021-10-01
gaitanoayieko%40gmail.com,TimeZone,/u/gaitanoayieko%40gmail.com,2018-09-01
Gammon,Gammon,/u/Gammon,2021-03-01
ganeshmogan16,Ganesan,/u/ganeshmogan16,2015-06-01
garethmb,garethmb,/u/garethmb,2017-03-01
GaryWright,GaryWright,/u/GaryWright,2019-10-01
gastyny,gastyny,/u/gastyny,2020-04-01
GDawson2,GDawson2,/u/GDawson2,2018-12-01
gdeveloper,gdeveloper,/u/gdeveloper,2017-10-01
GeekMasher,GeekMasher,/u/GeekMasher,2012-02-01
geekr,geekr,/u/geekr,2018-11-01
GeekyRedhead,GeekyRedhead,/u/GeekyRedhead,2016-01-01
GenerationofSwine,GenerationofSwine,/u/GenerationofSwine,2023-01-01
GeorgeClark,GeorgeClark,/u/GeorgeClark,2019-10-01
gerithecat,gerithecat,/u/gerithecat,2012-06-01
Geronimo1967,CinemaSerf,/u/Geronimo1967,2022-02-01
GHeart,GHeart,/u/GHeart,2018-08-01
Gill-Man,This user has been suspended,/u/Gill-Man,1900-01-01
gnawbone,gnawbone,/u/gnawbone,2021-06-01
Gnislew,Wait and try again,/u/Gnislew,1900-01-01
Goddard,Goddard,/u/Goddard,2018-05-01
GodzillaPuddin,lime puddin,/u/GodzillaPuddin,2017-02-01
gogo1974,gogo1974,/u/gogo1974,2022-03-01
good.film,good.film,/u/good.film,2024-09-01
Graviteer,Graviteer,/u/Graviteer,2014-12-01
gricket,gricket,/u/gricket,2021-02-01
griggs79,griggs79,/u/griggs79,2024-04-01
Grimmbro66,Grimmbro66,/u/Grimmbro66,2022-02-01
groznio1,groznio1,/u/groznio1,2021-11-01
Gurre,Gurre,/u/Gurre,2014-05-01
gurteksingh,gurteksingh,/u/gurteksingh,2018-08-01
H2Obsession,Hydro Philic,/u/H2Obsession,2017-02-01
hagrid49,Mas Manado,/u/hagrid49,2011-03-01
halabackgirl,halabackgirl,/u/halabackgirl,2024-07-01
HaltingTuber,This user has been suspended,/u/HaltingTuber,1900-01-01
hamfaceman,hamfaceman,/u/hamfaceman,2023-12-01
Hankey79,핸키,/u/Hankey79,2023-01-01
hankster3000,hankster3000,/u/hankster3000,2017-03-01
HappyPagan,HappyPagan,/u/HappyPagan,2024-08-01
HappyPig0,Chris,/u/HappyPig0,2016-01-01
harvanchik,JellySand,/u/harvanchik,2021-07-01
HASSAN2003,HASSAN2003,/u/HASSAN2003,2022-12-01
HDCJ,HDCJ,/u/HDCJ,2022-08-01
heartaem,heartaem,/u/heartaem,2023-04-01
hellraiserjosh,hellraiserjosh,/u/hellraiserjosh,2024-04-01
hemantrmore,Dark Matter,/u/hemantrmore,2020-12-01
HenryBrowning,Henry,/u/HenryBrowning,2021-11-01
heroman,heroman,/u/heroman,2019-04-01
heyitsmestoney,heyitsmestoney,/u/heyitsmestoney,2024-06-01
HidamaO_O,HidamaO_O,/u/HidamaO_O,2023-06-01
highhorse,highhorse,/u/highhorse,2018-06-01
HikariWS,HikariWS,/u/HikariWS,2021-01-01
Hinaboi,Hinaboi,/u/Hinaboi,2023-10-01
hinkson03003,Daniel,/u/hinkson03003,2018-01-01
holdenc,holdenc,/u/holdenc,2023-05-01
hollowguy88,Wait and try again,/u/hollowguy88,1900-01-01
hOLYE,This user has been suspended,/u/hOLYE,1900-01-01
hopefulreviews,hopefulreviews,/u/hopefulreviews,2024-02-01
Horseface,Horseface,/u/Horseface,2020-08-01
Hotplix,Hotplix,/u/Hotplix,2024-05-01
Hotsake,Hotsake,/u/Hotsake,2014-08-01
housseini_mdb,housseini_mdb,/u/housseini_mdb,2022-01-01
hs.rohit,hs.rohit,/u/hs.rohit,2018-05-01
Hubi,Niko,/u/Hubi,2014-11-01
Hughie,Hugh,/u/Hughie,2015-02-01
huy.duc.eastagile,huy.duc.eastagile,/u/huy.duc.eastagile,2015-12-01
hweird1,Wait and try again,/u/hweird1,1900-01-01
iamhabenula,Habenula,/u/iamhabenula,2020-06-01
iamyenz,iamyenz,/u/iamyenz,2017-02-01
IanBeale,This user has been suspended,/u/IanBeale,1900-01-01
ianlo930627,ianlo930627,/u/ianlo930627,2017-10-01
Ibraheem...,Ibraheem...,/u/Ibraheem...,2017-10-01
iheardthatmoviewas,iheardthatmoviewas,/u/iheardthatmoviewas,2016-11-01
ikomrad,ikomrad,/u/ikomrad,2019-01-01
ilive4fun,ilive4fun,/u/ilive4fun,2020-04-01
ILoveDollyParton,Sidney Prescott,/u/ILoveDollyParton,2021-10-01
Im_Infinity,Im_Infinity,/u/Im_Infinity,2016-02-01
ImBotAndroid,Dicky Pratama,/u/ImBotAndroid,2022-12-01
ImonReza,Imon Reza,/u/ImonReza,2023-12-01
in_the_crease,in_the_crease,/u/in_the_crease,2017-02-01
inaneswine,inaneswine,/u/inaneswine,2017-11-01
IncendiaryIndie,IncendiaryIndie,/u/IncendiaryIndie,2017-03-01
incubus4952,Leigh Bowden,/u/incubus4952,2012-07-01
IndecentLouie,aGoryLouie,/u/IndecentLouie,2022-12-01
Innovator,Innovator,/u/Innovator,2017-02-01
insidemovies84,insidemovies84,/u/insidemovies84,2018-05-01
inspectors71,inspectors71,/u/inspectors71,2023-02-01
isabellevillasenor,isabellevillasenor,/u/isabellevillasenor,2021-02-01
isipahum,Isi Pahum,/u/isipahum,2021-07-01
itsogs,itsogs,/u/itsogs,2019-08-01
ivebeenspringlocked,bradley,/u/ivebeenspringlocked,2023-10-01
izgzhen,Wait and try again,/u/izgzhen,1900-01-01
j4ni,Wait and try again,/u/j4ni,1900-01-01
J4stringthang,J4stringthang,/u/J4stringthang,2014-02-01
jacesbain,Jace Bain,/u/jacesbain,2022-07-01
jackcarlin18,jackcarlin18,/u/jackcarlin18,2015-03-01
JakeWarren,Jakeflix,/u/JakeWarren,2018-06-01
JamesSprag,James Sprag,/u/JamesSprag,2022-01-01
jamilammar,jamilammar,/u/jamilammar,2016-02-01
jamitchell1509,jamitchell1509,/u/jamitchell1509,2017-05-01
janandsteve,janandsteve,/u/janandsteve,2024-01-01
JaneHall,Jane Hall,/u/JaneHall,2019-10-01
janeyee,This user has been suspended,/u/janeyee,1900-01-01
JanValk,JanValk,/u/JanValk,2022-08-01
JasonAllen1,JasonAllen1,/u/JasonAllen1,2019-10-01
jassa2244,This user has been suspended,/u/jassa2244,1900-01-01
javajohnny,javajohnny,/u/javajohnny,2018-10-01
JayDeeMac,JayDeeMac,/u/JayDeeMac,2014-05-01
jBullfrog,jeremiah,/u/jBullfrog,2018-09-01
jceowoodard%40yahoo.com,JCEOWOODARD,/u/jceowoodard%40yahoo.com,2021-11-01
JDW1112,JDW1112,/u/JDW1112,2024-06-01
JediBurrell,Jedi Burrell,/u/JediBurrell,2017-06-01
Jeff_34,Jeff_34,/u/Jeff_34,2017-02-01
Jeff323,Jeff323,/u/Jeff323,2018-01-01
jenkidoo,jenkidoo,/u/jenkidoo,2020-09-01
jenmglna,jenmglna,/u/jenmglna,2022-08-01
jessetaylor,jessetaylor,/u/jessetaylor,2012-10-01
jesseyu,jesseyu,/u/jesseyu,2019-01-01
JessieCollins,JessieCollins,/u/JessieCollins,2019-10-01
jhpae,jhpae,/u/jhpae,2023-10-01
jimb15122,jimb15122,/u/jimb15122,2024-06-01
jj%40LA,jj@LA,/u/jj%40LA,2019-02-01
JJJ222cool,JJJ222cool,/u/JJJ222cool,2023-06-01
jjvanrensburg,jjvanrensburg,/u/jjvanrensburg,2023-10-01
jkbbr549,jkbbr549,/u/jkbbr549,2013-01-01
jle432,jle432,/u/jle432,2021-06-01
jmquint00,jmquint00,/u/jmquint00,2018-04-01
JN2012,James,/u/JN2012,2023-10-01
JoanitaawTrindade,JoanitaawTrindade,/u/JoanitaawTrindade,2014-06-01
jocosta3,jocosta3,/u/jocosta3,2017-10-01
JoeDez,JoeDez,/u/JoeDez,2024-08-01
Joeisacoolguy,Joe,/u/Joeisacoolguy,2017-03-01
John+Chard,John Chard,/u/John+Chard,2013-02-01
johnash95,Neeraj,/u/johnash95,2017-10-01
johnmills,John,/u/johnmills,2011-07-01
Johnny+V,Johnny V,/u/Johnny+V,2013-12-01
jon99,Wait and try again,/u/jon99,1900-01-01
JonathanGreen,JonathanGreen,/u/JonathanGreen,2019-10-01
jonlikesmoviesthatdontsuck,jonlikesmoviesthatdontsuck,/u/jonlikesmoviesthatdontsuck,2015-06-01
JorryBen,JorryBen,/u/JorryBen,2024-08-01
josephoh,生气的猫,/u/josephoh,2013-09-01
JosephStrickland,Joseph Strickland,/u/JosephStrickland,2017-02-01
JosephWilson,JosephWilson,/u/JosephWilson,2019-10-01
josezapata,josezapata,/u/josezapata,2023-06-01
joshfaknam,joshfaknam,/u/joshfaknam,2016-06-01
joshjensen02,joshjensen02,/u/joshjensen02,2020-12-01
jphastings,JP Hastings-Spital,/u/jphastings,2010-03-01
JPiszar,Jacob Piszar,/u/JPiszar,2022-12-01
JPV852,JPV852,/u/JPV852,2017-02-01
Jsalter,Jsalter,/u/Jsalter,2024-06-01
juliarta,juliarta,/u/juliarta,2022-04-01
junijubiroke,This user has been suspended,/u/junijubiroke,1900-01-01
JustEntertainment,JustEntertainment,/u/JustEntertainment,2022-06-01
justhappytobehere,justhappytobehere,/u/justhappytobehere,2024-01-01
jw,jw,/u/jw,2017-02-01
JW2804,JW2804,/u/JW2804,2021-08-01
jwilliams0511971,This user has been suspended,/u/jwilliams0511971,1900-01-01
k02t,k02t,/u/k02t,2017-02-01
k3ltfalcon,k3ltfalcon,/u/k3ltfalcon,2020-08-01
kaitlin_a_6,kaitlin_a_6,/u/kaitlin_a_6,2013-10-01
Kaitlin2017,Kaitlin2017,/u/Kaitlin2017,2016-10-01
kalafut,kalafut,/u/kalafut,2013-10-01
Kalim432,Kalim432,/u/Kalim432,2017-02-01
Kamurai,Kamurai,/u/Kamurai,2018-05-01
Karma_haru,Wait and try again,/u/Karma_haru,1900-01-01
KarmaKing,KarmaKing,/u/KarmaKing,2017-09-01
kastigar,kastigar,/u/kastigar,2017-04-01
katch22,katch22,/u/katch22,2021-07-01
kathybowing,This user has been suspended,/u/kathybowing,1900-01-01
katiegofanywhere,katiegofanywhere,/u/katiegofanywhere,2014-06-01
KayP97,KayP97,/u/KayP97,2022-09-01
KCruz88,KCruz88,/u/KCruz88,2013-07-01
kdumers,John Critic,/u/kdumers,2021-11-01
KeeganEatsPie,KeeganEatsPie,/u/KeeganEatsPie,2012-08-01
Keeper177,Keeper177,/u/Keeper177,2024-04-01
kellypfei,kellypfei,/u/kellypfei,2023-10-01
kendsley2003%40yahoo.com,kendsley2003@yahoo.com,/u/kendsley2003%40yahoo.com,2016-03-01
keneonyinye,Kenechukwu,/u/keneonyinye,2015-04-01
KennethRobinson,KennethRobinson,/u/KennethRobinson,2019-10-01
kevin2019,kevin2019,/u/kevin2019,2024-01-01
KevinRodriguez1,KevinRodriguez1,/u/KevinRodriguez1,2019-10-01
Kewl_Kat,Kewl Kat,/u/Kewl_Kat,2017-06-01
Key-Si,Key-Si,/u/Key-Si,2018-05-01
Kgprophet,Kgprophet,/u/Kgprophet,2022-07-01
kheirnandez,kheirnandez,/u/kheirnandez,2021-07-01
kidchaos313,kidchaos313,/u/kidchaos313,2019-03-01
kiersrocks,kiersrocks,/u/kiersrocks,2019-01-01
kineticandroid,kineticandroid,/u/kineticandroid,2014-06-01
kinglargo,kinglargo,/u/kinglargo,2015-04-01
KingStradivarius,Albert,/u/KingStradivarius,2016-11-01
kipo,kipo,/u/kipo,2021-12-01
Kirollos_Noah,Kirollos_Noah,/u/Kirollos_Noah,2018-09-01
Kirsty_Marshall,Kirsty_Marshall,/u/Kirsty_Marshall,2020-10-01
kisaligol,kisaligol,/u/kisaligol,2022-10-01
kishan.verma26,kishan.verma26,/u/kishan.verma26,2019-03-01
KittyKelly1976,KittyKelly1976,/u/KittyKelly1976,2024-05-01
KlassicFilms,KlassicFilms,/u/KlassicFilms,2022-01-01
kmai01,kmai01,/u/kmai01,2020-02-01
Kokoryan,Kokoryan,/u/Kokoryan,2021-11-01
Kowalczyk,Kowalczyk,/u/Kowalczyk,2018-08-01
Kris_12,Kris_12,/u/Kris_12,2019-01-01
krismdb,krismdb,/u/krismdb,2013-01-01
KristinaZI,KristinaZI,/u/KristinaZI,2019-01-01
Ky6uk,Roman,/u/Ky6uk,2020-08-01
L%C6%9B%C8%A4%C6%9B%C6%A6%EA%AA%A1%C6%AC%C6%91,LƛȤƛƦꪡƬƑ,/u/L%C6%9B%C8%A4%C6%9B%C6%A6%EA%AA%A1%C6%AC%C6%91,2023-01-01
LabRat,LabRat,/u/LabRat,2017-11-01
lachlanthiele,Lachlan Thiele,/u/lachlanthiele,2023-05-01
LadyCuddles,LadyCuddles,/u/LadyCuddles,2024-04-01
LadyGreenEyes,LadyGreenEyes,/u/LadyGreenEyes,2018-12-01
lamachat,lamachat,/u/lamachat,2020-01-01
lancethedealer,lancethedealer,/u/lancethedealer,2019-01-01
lapakqq,Lapakqq - Agen Judi Bandarq Domino QQ Adukiu Capsa Poker Online,/u/lapakqq,2016-09-01
lasse,lasse,/u/lasse,2012-04-01
LastCaress1972,LastCaress1972,/u/LastCaress1972,2013-08-01
lasttimeisaw,lasttimeisaw,/u/lasttimeisaw,2014-03-01
leeboardman,leeboardman,/u/leeboardman,2017-02-01
legend56,legend56,/u/legend56,2019-08-01
LegendGamerXZ,LegendGamerXZ,/u/LegendGamerXZ,2023-05-01
legoman2000,legoman2000,/u/legoman2000,2012-07-01
Lehcar,Wait and try again,/u/Lehcar,1900-01-01
Lenny%2FMosko,Oops! We can't find the page you're looking for,/u/Lenny%2FMosko,1900-01-01
LeonDeon,This user has been suspended,/u/LeonDeon,1900-01-01
leros,leros,/u/leros,2015-07-01
lesliekell,Leslie Kell,/u/lesliekell,2019-07-01
letusrise,letusrise,/u/letusrise,2012-06-01
levincoolxyz,Feng,/u/levincoolxyz,2017-02-01
Lewisly,Lewisly,/u/Lewisly,2023-03-01
Liam1125,Liam1125,/u/Liam1125,2019-10-01
liamelanita,liamelanita,/u/liamelanita,2015-06-01
light_michael,light_michael,/u/light_michael,2019-07-01
lildrosso,lildrosso,/u/lildrosso,2019-11-01
Limitedlatency,Limitedlatency,/u/Limitedlatency,2018-07-01
Linda+Robinson,Linda Robinson,/u/Linda+Robinson,2016-07-01
lipjam,lipjam,/u/lipjam,2021-04-01
LJ_989,LJ_989,/u/LJ_989,2014-04-01
lkredhat,Wait and try again,/u/lkredhat,1900-01-01
llgolden,llgolden,/u/llgolden,2023-07-01
LloydGM,Lloyd,/u/LloydGM,2020-11-01
lmao7,lmao7,/u/lmao7,2017-02-01
lofgents,Dave,/u/lofgents,2017-02-01
logan1201,logan1201,/u/logan1201,2018-08-01
LoganWright1,LoganWright,/u/LoganWright1,2019-11-01
Loki_Lavathein,Loki_Lavathein,/u/Loki_Lavathein,2022-08-01
lopezaxel,lopezaxel,/u/lopezaxel,2022-08-01
loraco,loraco,/u/loraco,2013-05-01
LordVitriol,LordVitriol,/u/LordVitriol,2022-09-01
lori007101,lori007101,/u/lori007101,2013-02-01
lovebombing4him,lovebombing4him,/u/lovebombing4him,2023-08-01
LovingStory,Wait and try again,/u/LovingStory,1900-01-01
lstamellos,lstamellos,/u/lstamellos,2021-04-01
ltcomdata,ltcomdata,/u/ltcomdata,2012-07-01
lucas.scott,lucas.scott,/u/lucas.scott,2013-09-01
Lucky_Man,Lucky_Man,/u/Lucky_Man,2017-02-01
Luis_989,Luis_989,/u/Luis_989,2016-04-01
lukan87,lukan87,/u/lukan87,2016-11-01
lwpcolonel,lwpcolonel,/u/lwpcolonel,2018-01-01
M_i_c_h_a_e_l,M_i_c_h_a_e_l,/u/M_i_c_h_a_e_l,2022-01-01
m_u_m_u,m_u_m_u,/u/m_u_m_u,2024-05-01
mackenly,mackenly,/u/mackenly,2021-11-01
Madamzut,Amy Flores,/u/Madamzut,2014-06-01
madmonk_TM_,madmonk,/u/madmonk_TM_,2022-09-01
madriyanto,madriyanto,/u/madriyanto,2024-06-01
Mahnoor_Khan,Mahnoor Khan,/u/Mahnoor_Khan,2021-06-01
Makapl,Makapl,/u/Makapl,2022-12-01
maketheSWITCH,SWITCH.,/u/maketheSWITCH,2017-04-01
Malia101,Malia101,/u/Malia101,2024-07-01
MannyDavis,MannyD,/u/MannyDavis,2023-11-01
manwhonose,manwhonose,/u/manwhonose,2012-09-01
marcellus,marcellus,/u/marcellus,2010-07-01
marchingfreakm17,CourtneyM17,/u/marchingfreakm17,2017-08-01
Mark+Rushow,Mark Rushow,/u/Mark+Rushow,2017-02-01
markuspm,markuspm,/u/markuspm,2013-11-01
marmite322,Mariam,/u/marmite322,2024-01-01
martina.physics,martina.physics,/u/martina.physics,2018-09-01
MartinNr5,MartinNr5,/u/MartinNr5,2022-01-01
MartyCrooner,MartyCrooner,/u/MartyCrooner,2024-01-01
Marypsa,Marypsa,/u/Marypsa,2017-07-01
mast.8,mast.8,/u/mast.8,2018-08-01
mastergsg,mastergsg,/u/mastergsg,2018-02-01
mata7,Wait and try again,/u/mata7,1900-01-01
materialism,materialism,/u/materialism,2020-01-01
matthew1,Matthew Sanders,/u/matthew1,2010-12-01
matthewdixon,Matthew Dixon,/u/matthewdixon,2019-07-01
MatthewL.Brady,Matthew Brady,/u/MatthewL.Brady,2020-01-01
MatthewSimpson,MatthewSimpson,/u/MatthewSimpson,2019-09-01
MatthewWilsonABC,MatthewWilsonABC,/u/MatthewWilsonABC,2020-04-01
mattwilde123,mattwilde123,/u/mattwilde123,2017-02-01
MaxTyrone,MaxTyrone,/u/MaxTyrone,2017-03-01
maybesarthak,Sarthak Bharad,/u/maybesarthak,2023-06-01
Mayurpanchamia,Mayurpanchamia,/u/Mayurpanchamia,2022-03-01
mbirth,Markus Birth,/u/mbirth,2016-08-01
MChrisp,MChrisp,/u/MChrisp,2023-01-01
mchristenson,mchristenson,/u/mchristenson,2017-11-01
mcsamuel,Melvin Samuel,/u/mcsamuel,2020-02-01
mcse2000ca,mcse2000ca,/u/mcse2000ca,2017-03-01
meekodev,meekodev,/u/meekodev,2017-02-01
mehedi1719,mehedi1719,/u/mehedi1719,2022-04-01
mel_n,mel_n,/u/mel_n,2021-08-01
Melander,Melander,/u/Melander,2022-02-01
melani,melani,/u/melani,2017-05-01
Menticide,Menticide,/u/Menticide,2022-01-01
merenabe,MoHA,/u/merenabe,2015-02-01
Metalstorm.ee,metalstorm.ee,/u/Metalstorm.ee,2024-04-01
MetGaylas,MetGaylas,/u/MetGaylas,2020-03-01
Mex5150,Mex5150,/u/Mex5150,2014-02-01
mfProg,mfProg,/u/mfProg,2016-02-01
mfrencken,Myles,/u/mfrencken,2019-04-01
MichaelWilliams,MichaelWilliams,/u/MichaelWilliams,2019-10-01
micheledicosmo,micheledicosmo,/u/micheledicosmo,2022-12-01
microscope,microscope,/u/microscope,2017-02-01
Midi_Mick,Wait and try again,/u/Midi_Mick,1900-01-01
Midi-chlorian_Count,Midi-chlorian_Count,/u/Midi-chlorian_Count,2017-02-01
MidnightHustlePodcast,MidnightHustlePodcast,/u/MidnightHustlePodcast,2023-10-01
MihaiADobre,MihaiADobre,/u/MihaiADobre,2020-12-01
militades,militades,/u/militades,2016-11-01
Milzzz,Myles,/u/Milzzz,2018-12-01
mindfroth,mindfroth,/u/mindfroth,2018-01-01
minion196,minion196,/u/minion196,2023-07-01
minion28,minion28,/u/minion28,2019-02-01
minusha97,minusha97,/u/minusha97,2016-03-01
minymina,TheRealMina,/u/minymina,2016-09-01
MistahDarcy,Mistah Darcy,/u/MistahDarcy,2012-06-01
misubisu,misubisu,/u/misubisu,2018-03-01
mitchbulfin,Mitchell Bulfin,/u/mitchbulfin,2020-05-01
mizjmarie,mizjmarie,/u/mizjmarie,2014-11-01
MJM,MJM,/u/MJM,2014-08-01
MK40,MK40,/u/MK40,2024-09-01
mminer237,Matthew Miner,/u/mminer237,2021-09-01
moard,moard,/u/moard,2023-11-01
moatsc18,Courtney,/u/moatsc18,2023-12-01
Modanung,Frode Lindeijer,/u/Modanung,2015-11-01
mohitgupta943,mohitgupta943,/u/mohitgupta943,2023-08-01
moki,moki,/u/moki,2020-09-01
mollzz,molleigh,/u/mollzz,2021-01-01
Monoval,Monoval,/u/Monoval,2018-03-01
MonsterMartha,Martha,/u/MonsterMartha,2022-07-01
mooney240,The Movie Mob,/u/mooney240,2021-12-01
moopet,moopet,/u/moopet,2019-07-01
moovies,moovies,/u/moovies,2018-11-01
moparchris,moparchris,/u/moparchris,2016-08-01
morehumanthanhuman,morehumanthanhuman,/u/morehumanthanhuman,2024-07-01
morex,morex,/u/morex,2022-05-01
moubledian,moubledian,/u/moubledian,2019-03-01
Mouseater,Mouseater,/u/Mouseater,2022-10-01
movie_nazi,movie_nazi,/u/movie_nazi,2017-02-01
movie-fanatic,Josh,/u/movie-fanatic,2020-01-01
Movie+Queen41,Movie Queen41,/u/Movie+Queen41,2017-02-01
MovieDudeFiend56214,MovieDudeFiend56214,/u/MovieDudeFiend56214,2023-04-01
moviefan39,moviefan39,/u/moviefan39,2019-08-01
moviegodjohn,moviegodjohn,/u/moviegodjohn,2019-03-01
MovieGuys,MovieGuys,/u/MovieGuys,2019-03-01
moviejunkie76,Wait and try again,/u/moviejunkie76,1900-01-01
moviereviews,moviereviews,/u/moviereviews,2013-10-01
movizonline,This user has been suspended,/u/movizonline,1900-01-01
mram16,mram16,/u/mram16,2017-02-01
MrBlaqk,Mister BLAQK,/u/MrBlaqk,2019-02-01
mrmattsmith96,Matthew Smith,/u/mrmattsmith96,2022-07-01
MrSharkBait911,MrSharkBait911,/u/MrSharkBait911,2014-09-01
msbreviews,Manuel São Bento,/u/msbreviews,2019-01-01
mspanther,mspanther,/u/mspanther,2017-10-01
Murderer86,Murderer86,/u/Murderer86,2024-08-01
musafirsafwan,musafirsafwan,/u/musafirsafwan,2016-07-01
MustachedMovieMan,MustachedMovieMan,/u/MustachedMovieMan,2023-09-01
musty_reviews,musty_reviews,/u/musty_reviews,2019-07-01
my_skeleton_fell_off,my_skeleton_fell_off,/u/my_skeleton_fell_off,2021-09-01
mygoodomen,mygoodomen,/u/mygoodomen,2020-03-01
mynameritesh,Ritesh Mohapatra,/u/mynameritesh,2023-05-01
mysoulishome,Aaron,/u/mysoulishome,2023-11-01
n22kwhips,n22kwhips,/u/n22kwhips,2013-07-01
nairtejas,Tejas Nair,/u/nairtejas,2020-09-01
NancyLDraper%40gmail.com,NancyLDraper@gmail.com,/u/NancyLDraper%40gmail.com,2017-04-01
NancyW9,NancyW9,/u/NancyW9,2017-06-01
nandini_ml,nandini_ml,/u/nandini_ml,2020-07-01
narrator56,Peter McGinn,/u/narrator56,2020-03-01
nasiralipro,nasiralipro,/u/nasiralipro,2021-07-01
NeilHoskins,Neil Hoskins,/u/NeilHoskins,2022-12-01
NeoBrowser,NeoBrowser,/u/NeoBrowser,2013-07-01
NeoTechMovies,NeoTechMovies,/u/NeoTechMovies,2022-05-01
NerdyPopcorn,NerdyPopcorn,/u/NerdyPopcorn,2020-04-01
Netflowers,NETFLOWERS,/u/Netflowers,2017-09-01
NghiaLuong,NghiaLuong,/u/NghiaLuong,2024-03-01
ngmdat,ngmdat,/u/ngmdat,2016-05-01
nhpro100,nhpro,/u/nhpro100,2022-09-01
NickCoIn,NickCoIn,/u/NickCoIn,2012-04-01
NickFriday2005,NickFriday2005,/u/NickFriday2005,2019-12-01
nidhin18,nidhin18,/u/nidhin18,2023-10-01
Niemand,Niemand,/u/Niemand,2016-11-01
NikolaiOS,NikolaiOS,/u/NikolaiOS,2024-09-01
niyumard,Hossein,/u/niyumard,2020-04-01
Nod,Nod,/u/Nod,2013-01-01
noobjscoder,Subbu Swaroop,/u/noobjscoder,2021-07-01
Norsk,Norsk,/u/Norsk,2017-02-01
nowment%40gmail.com,Nowment,/u/nowment%40gmail.com,2019-05-01
NoxiousScythe,NoxiousScythe,/u/NoxiousScythe,2021-06-01
nrichardson85,Nate Richardson,/u/nrichardson85,2015-01-01
nsinger99,nsinger99,/u/nsinger99,2020-04-01
nutshell,Nutshell,/u/nutshell,2019-07-01
Nyh,Nyh,/u/Nyh,2021-05-01
Nyka,Leon Pin,/u/Nyka,2019-03-01
nzgooner,KE,/u/nzgooner,2015-06-01
OachKatz3L,FuraX,/u/OachKatz3L,2022-04-01
ObjectivityGate,ObjectivityGate,/u/ObjectivityGate,2022-09-01
OblateSphereDroid,OblateSphereDroid,/u/OblateSphereDroid,2017-10-01
OdinsMovieBlog,OdinsMovieBlog,/u/OdinsMovieBlog,2019-03-01
ohitsjudd,ohitsjudd,/u/ohitsjudd,2023-08-01
OhJodieBaby,Jodie,/u/OhJodieBaby,2017-02-01
ohlalipop,ohlalipop,/u/ohlalipop,2017-02-01
Oldnewbie,Oldnewbie,/u/Oldnewbie,2017-03-01
oleksandrsavostian,oleksandrsavostian,/u/oleksandrsavostian,2019-11-01
Olivergbyrne,Olivergbyrne,/u/Olivergbyrne,2017-10-01
OSEANSADITYA,OSEANSADITYA,/u/OSEANSADITYA,2014-07-01
oswaldovzki,oswaldovzki,/u/oswaldovzki,2024-06-01
Otisons,This user has been suspended,/u/Otisons,1900-01-01
Otokichi786,Patrick E. Abe,/u/Otokichi786,2016-09-01
outoffeelinsobad,outoffeelinsobad,/u/outoffeelinsobad,2020-10-01
owen333,owen333,/u/owen333,2015-03-01
owenstanleygibbs,NoEmu2398,/u/owenstanleygibbs,2019-04-01
OzDrDj,This user has been suspended,/u/OzDrDj,1900-01-01
oznightshade,oznightshade,/u/oznightshade,2024-06-01
pancine,pancine,/u/pancine,2019-02-01
panic+jr8,panic jr8,/u/panic+jr8,2017-05-01
PaoloG13,PaoloG13,/u/PaoloG13,2023-01-01
patrickios,patrickios,/u/patrickios,2018-12-01
PaulThompson,PaulThompson,/u/PaulThompson,2019-10-01
paulv,paulv,/u/paulv,2017-08-01
PenetratorGod,Wait and try again,/u/PenetratorGod,1900-01-01
Penguinatic,Penguinatic,/u/Penguinatic,2021-08-01
perelachaise,perelachaise,/u/perelachaise,2017-06-01
Peter89Spencer,This user has been suspended,/u/Peter89Spencer,1900-01-01
Petercushing,Petercushing,/u/Petercushing,2023-12-01
Phileas+Fogg,Phileas Fogg,/u/Phileas+Fogg,2015-05-01
photobythomas,photobythomas,/u/photobythomas,2023-11-01
phutrong,phutrong,/u/phutrong,2022-10-01
phx611,phx611,/u/phx611,2021-10-01
Pierre_D,Pierre_D,/u/Pierre_D,2017-05-01
PimplyChicken,PimplyChicken,/u/PimplyChicken,2017-06-01
pimpskitters,This user has been suspended,/u/pimpskitters,1900-01-01
Pippiang,A Fan of Many Things,/u/Pippiang,2018-06-01
pithawg,pithawg,/u/pithawg,2015-12-01
piyushgupta69,piyushgupta69,/u/piyushgupta69,2017-12-01
poisoned,poisoned,/u/poisoned,2012-06-01
Pokemonfan,Pokemonfan,/u/Pokemonfan,2019-05-01
pokycoder,pokycoder,/u/pokycoder,2021-04-01
polkabike,polkabike,/u/polkabike,2022-01-01
PolyWogg,PolyWogg,/u/PolyWogg,2017-05-01
PoodleDaddy,PoodleDaddy,/u/PoodleDaddy,2016-03-01
portman123,portman123,/u/portman123,2023-02-01
portnoyz,portnoyz,/u/portnoyz,2015-03-01
post_orgasmic_mood,post_orgasmic_mood,/u/post_orgasmic_mood,2017-02-01
Potential+Kermode,This user has been suspended,/u/Potential+Kermode,1900-01-01
prabhushakti,prabhushakti,/u/prabhushakti,2018-03-01
PRAGMA,rlaphoenix,/u/PRAGMA,2017-01-01
praVeeng,praVeeng,/u/praVeeng,2013-09-01
premierexxi,premierexxi,/u/premierexxi,2018-02-01
PresidentPutin,This user has been suspended,/u/PresidentPutin,1900-01-01
prestonthedm,prestonthedm,/u/prestonthedm,2018-01-01
primeos,primeos,/u/primeos,2021-02-01
Pringo,Pringo,/u/Pringo,2019-07-01
priya_,priya_,/u/priya_,2019-04-01
Priya97,Priya97,/u/Priya97,2022-06-01
Prkns,David Perkins,/u/Prkns,2016-09-01
Prodank,Prodank,/u/Prodank,2022-08-01
protonrock,biancarockr,/u/protonrock,2019-11-01
Pugwash,Pugwash,/u/Pugwash,2013-03-01
qualityfrog,Ben,/u/qualityfrog,2021-06-01
quasar1967,quasar1967,/u/quasar1967,2016-03-01
Question,Question,/u/Question,2016-01-01
r96sk,r96sk,/u/r96sk,2020-04-01
RaeElaine,RaeElaine,/u/RaeElaine,2015-03-01
raf_qpsk,raf qpsk,/u/raf_qpsk,2020-07-01
rahul.gupta,Rahul Gupta,/u/rahul.gupta,2016-02-01
rahuliam,rahuliam,/u/rahuliam,2016-01-01
Rangan,Reno,/u/Rangan,2014-08-01
Raphaelsais,Raphaelsais,/u/Raphaelsais,2023-10-01
Raquel98,Raquel98,/u/Raquel98,2014-04-01
ravitejarayudu,ravitejarayudu,/u/ravitejarayudu,2014-09-01
ravundwa,ravundwa,/u/ravundwa,2023-02-01
rawatk,rawatk,/u/rawatk,2023-02-01
RaymondMorris,RaymondMorris,/u/RaymondMorris,2019-10-01
rayn_christ,rayn_christ,/u/rayn_christ,2013-09-01
Reb_Brown,Reb_Brown,/u/Reb_Brown,2017-12-01
redlionking,redlionking,/u/redlionking,2016-04-01
redTed,redTed,/u/redTed,2014-07-01
Rela-Blue,Rela Blue Jones,/u/Rela-Blue,2023-03-01
Renovatio,Renovatio,/u/Renovatio,2017-03-01
renzo-benzo,renzo-benzo,/u/renzo-benzo,2021-09-01
repojack,Repo Jack,/u/repojack,2020-10-01
reverenddr,reverenddr,/u/reverenddr,2013-06-01
Reviewsforlife,Reviewsforlife,/u/Reviewsforlife,2020-09-01
Richard_a_Kirk,Richard Kirk,/u/Richard_a_Kirk,2017-02-01
RickyWillis,RickyWillis,/u/RickyWillis,2020-10-01
ricoazzurro,ricoazzurro,/u/ricoazzurro,2023-01-01
RLTMovieReview,RLTMovieReview,/u/RLTMovieReview,2020-01-01
rmorell1,rmorell1,/u/rmorell1,2023-11-01
roarytheracingcarfan2008,This user has been suspended,/u/roarytheracingcarfan2008,1900-01-01
robbiegrawey,Robert Grawey,/u/robbiegrawey,2022-03-01
Roberta1970,Roberta1970,/u/Roberta1970,2024-04-01
RobMcJ,RobMcJ,/u/RobMcJ,2023-11-01
Rocketeer+Raccoon,Rocketeer Raccoon,/u/Rocketeer+Raccoon,2017-02-01
RodJ,RodJ,/u/RodJ,2017-03-01
rohit92,Rohit Kabdwal,/u/rohit92,2024-06-01
RoidDroidVoid,RoidDroidVoid,/u/RoidDroidVoid,2017-02-01
Rolpbert,Rolpbert,/u/Rolpbert,2024-01-01
romang,romang,/u/romang,2020-03-01
RonaldWalker,RonaldWalker,/u/RonaldWalker,2019-10-01
rookiebeotch,rookiebeotch,/u/rookiebeotch,2012-12-01
Roomiqbal,Roomiqbal,/u/Roomiqbal,2024-06-01
ropesip,ropesip,/u/ropesip,2012-12-01
RoseSkull94,RoseSkull94,/u/RoseSkull94,2022-02-01
rosewaters,rosewaters,/u/rosewaters,2024-02-01
rozmiarek,rozmiarek,/u/rozmiarek,2021-09-01
rsanek,rsanek,/u/rsanek,2020-04-01
RSOliveira,Ricardo Oliveira,/u/RSOliveira,2018-09-01
rspen46,rspen46,/u/rspen46,2020-01-01
Ruggerview,Ruggerview,/u/Ruggerview,2020-03-01
RustyBoi,Wait and try again,/u/RustyBoi,1900-01-01
Ruuz,Gimly,/u/Ruuz,2016-08-01
rvargas,Ricardo Vargas,/u/rvargas,2018-01-01
rxbudian,rxbudian,/u/rxbudian,2023-03-01
RyanHernandez,RyanHernandez,/u/RyanHernandez,2019-10-01
Rythwik,Rythwik,/u/Rythwik,2017-09-01
RyuKang95,RyuKang95,/u/RyuKang95,2014-12-01
s.rinky,s.rinky,/u/s.rinky,2023-10-01
s6kx,s6kx,/u/s6kx,2022-09-01
Saketh+Thota,Saketh Thota,/u/Saketh+Thota,2017-05-01
Salt-and-Limes,Salt-and-Limes,/u/Salt-and-Limes,2017-02-01
SaltyCatFish,SaltyCatFish,/u/SaltyCatFish,2017-07-01
sambice,Dusker,/u/sambice,2012-04-01
samwightt,samwightt,/u/samwightt,2018-12-01
SamySam,SamySam,/u/SamySam,2020-05-01
Sanjeev0805,Sanjeev0805,/u/Sanjeev0805,2023-03-01
sank99,sank99,/u/sank99,2021-06-01
santoshgrs,Santosh,/u/santoshgrs,2018-08-01
sauceopet,sauceopet,/u/sauceopet,2021-12-01
saxon2000dk,Heine Lahn Petersen,/u/saxon2000dk,2020-05-01
scherbakovx,scherbakovx,/u/scherbakovx,2023-08-01
schezarde,schezarde,/u/schezarde,2019-03-01
schmidtp,Killa-What?,/u/schmidtp,2016-07-01
schoosskyler,schoosskyler,/u/schoosskyler,2017-11-01
Schwabihabi,Schwabihabi,/u/Schwabihabi,2018-11-01
ScottishKnight,ScottishKnight,/u/ScottishKnight,2012-12-01
screenzealots,Louisa Moore - Screen Zealots,/u/screenzealots,2016-03-01
Screwamazon,Wait and try again,/u/Screwamazon,1900-01-01
seaneoo,Sean,/u/seaneoo,2020-06-01
Sebastian+Brownlow,Sebastian Brownlow,/u/Sebastian+Brownlow,2016-09-01
Sejian,Sejian,/u/Sejian,2023-04-01
seking,seking,/u/seking,2022-03-01
Seragon,Seragon,/u/Seragon,2020-03-01
shailen,shailen,/u/shailen,2018-08-01
shammahrashad,shammahrashad,/u/shammahrashad,2022-08-01
shamxal,shamxal,/u/shamxal,2022-03-01
shaunfrombklyn,shaunfrombklyn,/u/shaunfrombklyn,2017-02-01
ShawnSmith,Justin Lopez,/u/ShawnSmith,2019-10-01
SheBlogger,SheBlogger,/u/SheBlogger,2012-07-01
shekzilla,shekzilla,/u/shekzilla,2016-01-01
shinemon,shinemon,/u/shinemon,2022-12-01
shiri4frnz,Shreyance Parakh,/u/shiri4frnz,2017-04-01
Shivi_,Shivi_,/u/Shivi_,2021-04-01
SierraKiloBravo,SierraKiloBravo,/u/SierraKiloBravo,2019-10-01
Sigeki_Ogino,Sigeki Ogino,/u/Sigeki_Ogino,2022-10-01
SigTheMan,SigTheMan,/u/SigTheMan,2019-11-01
silvermistvio,silvermistvio,/u/silvermistvio,2023-03-01
Silverstein,Silverstein,/u/Silverstein,2022-01-01
Simon+Foster,Simon Foster,/u/Simon+Foster,2014-01-01
Simon+Quinlank,This user has been suspended,/u/Simon+Quinlank,1900-01-01
simonTheDiver,simonTheDiver,/u/simonTheDiver,2017-08-01
simonynwa,Simon Massey,/u/simonynwa,2020-08-01
SiRichAko,𝕽𝖎𝖈𝖍,/u/SiRichAko,2023-01-01
sizarled,sizarled,/u/sizarled,2022-12-01
SJC,SJC,/u/SJC,2017-04-01
Skarfrael,Skarfrael,/u/Skarfrael,2021-12-01
skateboardin,skateboardin,/u/skateboardin,2020-06-01
skembry,skembry,/u/skembry,2018-06-01
skipreader,skipreader,/u/skipreader,2018-07-01
skyezero,skyezero,/u/skyezero,2017-06-01
slayrrr666,slayrrr666,/u/slayrrr666,2016-10-01
SmashingUKProductions,Smashing UK Productions,/u/SmashingUKProductions,2016-12-01
Snapcase,Snapcase,/u/Snapcase,2019-08-01
SneekyNuts,Brett Pascoe,/u/SneekyNuts,2018-07-01
snunes97,snunes97,/u/snunes97,2021-03-01
Social+Justice+Wendy,This user has been suspended,/u/Social+Justice+Wendy,1900-01-01
SodaCreekFilm,SodaCreekFilm,/u/SodaCreekFilm,2013-04-01
solstafir7,solstafir7,/u/solstafir7,2017-08-01
sonofbalkans,sonofbalkans,/u/sonofbalkans,2014-12-01
sooner1ksn,sooner1ksn,/u/sooner1ksn,2021-11-01
SoSmooth1982,Andre Gonzales,/u/SoSmooth1982,2020-09-01
sp1cybo1,sp1cybo1,/u/sp1cybo1,2023-09-01
Spartan117,Asadullah Khan,/u/Spartan117,2016-10-01
SPDonlan,SPDonlan,/u/SPDonlan,2024-06-01
SpencerStaggs,This user has been suspended,/u/SpencerStaggs,1900-01-01
spidertalk,spidertalk,/u/spidertalk,2022-03-01
SplintDixon,SplintDixon,/u/SplintDixon,2021-01-01
Splinter,Wait and try again,/u/Splinter,1900-01-01
sporkproductions,sporkproductions,/u/sporkproductions,2014-04-01
stackkorora,stackkorora,/u/stackkorora,2018-08-01
star_sky022,Aakash Kedia,/u/star_sky022,2018-09-01
Star+Lord,PeterJasonQuill,/u/Star+Lord,2017-02-01
starks94,starks94,/u/starks94,2017-02-01
StarsNtheDarkness,StarsNtheDarkness,/u/StarsNtheDarkness,2021-09-01
StbMDB,StbMDB,/u/StbMDB,2017-02-01
stempst0r,stempst0r,/u/stempst0r,2022-07-01
StephenScott,StephenScott,/u/StephenScott,2019-10-01
Steve+Butterworth,Steve Butterworth,/u/Steve+Butterworth,2017-04-01
Steve+Freeling,Ted Fraraccio,/u/Steve+Freeling,2014-02-01
steveinadelaide+l,Steve Parker,/u/steveinadelaide+l,2015-05-01
SteveMcQueen36,RottenPop,/u/SteveMcQueen36,2017-02-01
StevenGarcia,StevenGarcia,/u/StevenGarcia,2019-10-01
strayndger,strayndger,/u/strayndger,2022-12-01
strontium1968,Shane,/u/strontium1968,2017-08-01
stugood,stugood,/u/stugood,2017-02-01
Suebee4024,Suebee4024,/u/Suebee4024,2021-01-01
suite9229,clyde e collins,/u/suite9229,2015-02-01
Sundance,Sundance Kid,/u/Sundance,2010-04-01
suprmed,suprmed,/u/suprmed,2014-01-01
surendranc29,surendranc29,/u/surendranc29,2015-08-01
Suresh17511,Surya,/u/Suresh17511,2021-09-01
Sushrut,Sushruta,/u/Sushrut,2019-12-01
Svumpukkel85,Svumpukkel85,/u/Svumpukkel85,2017-02-01
swagner888,swagner888,/u/swagner888,2017-02-01
swapnake,swapnake,/u/swapnake,2018-11-01
swiewior,swiewior,/u/swiewior,2023-01-01
Sword0fTheSpirit,Sword0fTheSpirit,/u/Sword0fTheSpirit,2013-01-01
Sxerks3,Sxerks3,/u/Sxerks3,2015-11-01
sybddlatfu,sybddlatfu,/u/sybddlatfu,2020-01-01
sykobanana,sykobanana,/u/sykobanana,2017-12-01
TahaTMDb,Taha,/u/TahaTMDb,2018-12-01
tahmid_007,tahmid_007,/u/tahmid_007,2020-09-01
TalisBriedis,TalisBriedis,/u/TalisBriedis,2017-02-01
talisencrw,talisencrw,/u/talisencrw,2015-12-01
tanty,Andres Gomez,/u/tanty,2011-07-01
Tatsky,Tatsky,/u/Tatsky,2021-04-01
tbartoldus,tbartoldus,/u/tbartoldus,2020-03-01
tcgoetz,Tom Goetz,/u/tcgoetz,2017-12-01
tdheath,T D Heath,/u/tdheath,2021-12-01
teamelitedev,teamelitedev,/u/teamelitedev,2020-01-01
techrj,Best SEO Services,/u/techrj,2023-05-01
teix,teix,/u/teix,2016-01-01
tensharpe,tensharpe,/u/tensharpe,2023-01-01
TerrificInTahoma,Richard,/u/TerrificInTahoma,2015-05-01
testr,testr,/u/testr,2022-07-01
thalueng,thalueng,/u/thalueng,2015-04-01
The_Bad_Critic,Rene,/u/The_Bad_Critic,2021-07-01
the_blueeyes,the_blueeyes,/u/the_blueeyes,2017-02-01
the_original_crt,the_original_crt,/u/the_original_crt,2020-06-01
The+Movie+Waffler,The Movie Waffler,/u/The+Movie+Waffler,2016-07-01
thealanfrench,thealanfrench,/u/thealanfrench,2023-03-01
TheArtyDans,TheArtyDans,/u/TheArtyDans,2019-10-01
TheBigOne,TheBigOne,/u/TheBigOne,2019-03-01
TheBlah,ZeBlah,/u/TheBlah,2013-08-01
TheCakerBaker,TheCakerBaker,/u/TheCakerBaker,2013-07-01
thecrustycurmudgeon,thecrustycurmudgeon,/u/thecrustycurmudgeon,2019-01-01
TheGSides,Grant English,/u/TheGSides,2014-11-01
TheJonathanSim,TheJonathanSim,/u/TheJonathanSim,2019-02-01
TheJordanFaulkner,TheJordanFaulkner,/u/TheJordanFaulkner,2019-12-01
themoviedb%40kienner.fr,themoviedb@kienner.fr,/u/themoviedb%40kienner.fr,2021-08-01
themoviediorama,The Movie Diorama,/u/themoviediorama,2019-03-01
TheMovieGuru1993,Zoro DPiece,/u/TheMovieGuru1993,2018-04-01
ThePeruvianPost,The Peruvian Post,/u/ThePeruvianPost,2020-02-01
There-Can-Be-Only-One,There-Can-Be-Only-One,/u/There-Can-Be-Only-One,2018-01-01
TheSceneSnobs,TheSceneSnobs,/u/TheSceneSnobs,2024-07-01
TheTenth,TheTenth,/u/TheTenth,2017-02-01
thetoerag,thetoerag,/u/thetoerag,2017-07-01
Thewatcher01,Watcher,/u/Thewatcher01,2017-03-01
ThisOver,ThisOver,/u/ThisOver,2023-11-01
thomasdelgado,thomasdelgado,/u/thomasdelgado,2013-11-01
ThomasMoore,ThomasMoore,/u/ThomasMoore,2019-10-01
Thomaxz,Thomaxz,/u/Thomaxz,2017-03-01
thommo_nz,thommo_nz,/u/thommo_nz,2018-04-01
ThulanPerera,Thulan Perera,/u/ThulanPerera,2023-09-01
tiailds,tiailds,/u/tiailds,2016-01-01
tim.uruski,tim.uruski,/u/tim.uruski,2022-06-01
TimothyHall,TimothyHall,/u/TimothyHall,2019-10-01
TimtheGiant,TimtheGiant,/u/TimtheGiant,2019-10-01
TinaAdams,TinaAdams,/u/TinaAdams,2024-04-01
TinyLilRobot,TinyLilRobot,/u/TinyLilRobot,2020-10-01
TitanGusang,Nathan,/u/TitanGusang,2022-06-01
tjciv,tjciv,/u/tjciv,2013-09-01
tmalinen,Teemu,/u/tmalinen,2018-02-01
tmdb13206453,This account has been deleted,/u/tmdb13206453,1900-01-01
tmdb15214618,This account has been deleted,/u/tmdb15214618,1900-01-01
tmdb15435519,This account has been deleted,/u/tmdb15435519,1900-01-01
tmdb15690715,This account has been deleted,/u/tmdb15690715,1900-01-01
tmdb16528852,This account has been deleted,/u/tmdb16528852,1900-01-01
tmdb16591261,This account has been deleted,/u/tmdb16591261,1900-01-01
tmdb17996075,This account has been deleted,/u/tmdb17996075,1900-01-01
tmdb18359958,This account has been deleted,/u/tmdb18359958,1900-01-01
tmdb20895531,This account has been deleted,/u/tmdb20895531,1900-01-01
tmdb21730811,This account has been deleted,/u/tmdb21730811,1900-01-01
tmdb22590444,This account has been deleted,/u/tmdb22590444,1900-01-01
tmdb23156637,This account has been deleted,/u/tmdb23156637,1900-01-01
tmdb23365124,This account has been deleted,/u/tmdb23365124,1900-01-01
tmdb25796299,This account has been deleted,/u/tmdb25796299,1900-01-01
tmdb27219454,This account has been deleted,/u/tmdb27219454,1900-01-01
tmdb27510395,This account has been deleted,/u/tmdb27510395,1900-01-01
tmdb28039023,This account has been deleted,/u/tmdb28039023,1900-01-01
tmdb29300086,This account has been deleted,/u/tmdb29300086,1900-01-01
tmdb31220774,This account has been deleted,/u/tmdb31220774,1900-01-01
tmdb32492600,This account has been deleted,/u/tmdb32492600,1900-01-01
tmdb39513728,This account has been deleted,/u/tmdb39513728,1900-01-01
tmdb40011370,This account has been deleted,/u/tmdb40011370,1900-01-01
tmdb44006625,This account has been deleted,/u/tmdb44006625,1900-01-01
tmdb44054871,This account has been deleted,/u/tmdb44054871,1900-01-01
tmdb45226627,This account has been deleted,/u/tmdb45226627,1900-01-01
tmdb46047577,This account has been deleted,/u/tmdb46047577,1900-01-01
tmdb47396461,This account has been deleted,/u/tmdb47396461,1900-01-01
tmdb47633491,This account has been deleted,/u/tmdb47633491,1900-01-01
tmdb47940942,This account has been deleted,/u/tmdb47940942,1900-01-01
tmdb51616167,This account has been deleted,/u/tmdb51616167,1900-01-01
tmdb55527033,This account has been deleted,/u/tmdb55527033,1900-01-01
tmdb55636115,This account has been deleted,/u/tmdb55636115,1900-01-01
tmdb56937092,This account has been deleted,/u/tmdb56937092,1900-01-01
tmdb67005376,This account has been deleted,/u/tmdb67005376,1900-01-01
tmdb70471036,This account has been deleted,/u/tmdb70471036,1900-01-01
tmdb70752507,This account has been deleted,/u/tmdb70752507,1900-01-01
tmdb73913433,This account has been deleted,/u/tmdb73913433,1900-01-01
tmdb76216135,This account has been deleted,/u/tmdb76216135,1900-01-01
tmdb76295109,This account has been deleted,/u/tmdb76295109,1900-01-01
tmdb77268060,This account has been deleted,/u/tmdb77268060,1900-01-01
tmdb78114298,This account has been deleted,/u/tmdb78114298,1900-01-01
tmdb79614358,This account has been deleted,/u/tmdb79614358,1900-01-01
tmdb81678279,This account has been deleted,/u/tmdb81678279,1900-01-01
tmdb81799156,This account has been deleted,/u/tmdb81799156,1900-01-01
tmdb81926929,This account has been deleted,/u/tmdb81926929,1900-01-01
tmdb82544094,This account has been deleted,/u/tmdb82544094,1900-01-01
tmdb87069603,This account has been deleted,/u/tmdb87069603,1900-01-01
tmdb872652,This user has been suspended,/u/tmdb872652,1900-01-01
tmdb92312096,This account has been deleted,/u/tmdb92312096,1900-01-01
TobyBenson,TobyBenson,/u/TobyBenson,2018-05-01
tom_elkrider,tom_elkrider,/u/tom_elkrider,2013-07-01
Tom.Livanos,Tom.Livanos,/u/Tom.Livanos,2023-04-01
Tom+Morvolo+Riddle,This user has been suspended,/u/Tom+Morvolo+Riddle,1900-01-01
tomasfv,tomasfv,/u/tomasfv,2023-01-01
TomStensson,TomStensson,/u/TomStensson,2012-12-01
TomTag,TomTag,/u/TomTag,2019-05-01
topkek327,This user has been suspended,/u/topkek327,1900-01-01
torysa,torysa,/u/torysa,2018-11-01
tournelhenry,tournelhenry,/u/tournelhenry,2022-12-01
tpopal,Rando,/u/tpopal,2020-08-01
travisbell,Travis Bell,/u/travisbell,2008-09-01
treestannn,treestannn,/u/treestannn,2014-05-01
TrentTX,TrentTX,/u/TrentTX,2017-02-01
Trevfh,Trevfh,/u/Trevfh,2021-04-01
tricksy,tricksy,/u/tricksy,2015-06-01
TriggerZ,TriggerZ,/u/TriggerZ,2017-11-01
trineo03,trineo03,/u/trineo03,2018-12-01
trinistud1,trinistud1,/u/trinistud1,2018-08-01
tropicalicecedar,tropicalicecedar,/u/tropicalicecedar,2023-07-01
trovster,Trevor Morris,/u/trovster,2021-02-01
TRUkae,TRUkae,/u/TRUkae,2023-07-01
tryfonaration,tryfonaration,/u/tryfonaration,2013-07-01
Tsavo,Tsavo,/u/Tsavo,2017-02-01
turbanium,Guruch,/u/turbanium,2020-03-01
TWDs,Nelson,/u/TWDs,2019-03-01
TwiceONCE2016,TwiceONCE2016,/u/TwiceONCE2016,2022-07-01
TyBalsinger,TyBalsinger,/u/TyBalsinger,2016-11-01
Uknown,Uknown,/u/Uknown,2016-08-01
ulpe11,ulpe11,/u/ulpe11,2019-04-01
Ultimatemoviereview,Todd,/u/Ultimatemoviereview,2013-11-01
ultra1967,ultra1967,/u/ultra1967,2024-05-01
unclepizzaman,unclepizzaman,/u/unclepizzaman,2013-08-01
Unknownian,This user has been suspended,/u/Unknownian,1900-01-01
uofmtailgtr,David,/u/uofmtailgtr,2021-03-01
UrsusNotHorribilus,UrsusNotHorribilus,/u/UrsusNotHorribilus,2021-08-01
UWotMatez,UWotMatez,/u/UWotMatez,2024-08-01
v0lk4n,v0lk4n,/u/v0lk4n,2019-01-01
v4lapq4m,v4lapq4m,/u/v4lapq4m,2022-01-01
valardohaeriz,valardohaeriz,/u/valardohaeriz,2023-01-01
ValyaKlaiven,ValyaKlaiven,/u/ValyaKlaiven,2022-07-01
vanessamay,vanessamay,/u/vanessamay,2018-11-01
VanVliet,VanVliet,/u/VanVliet,2017-09-01
Varya,Varya,/u/Varya,2019-10-01
vasago,vasago,/u/vasago,2019-01-01
Venti_Pro,Venti_Pro,/u/Venti_Pro,2021-08-01
viciouslollipop,viciouslollipop,/u/viciouslollipop,2017-02-01
ViciousSnowflake,ViciousSnowflake,/u/ViciousSnowflake,2020-04-01
Videospace,Ville Lähde,/u/Videospace,2019-11-01
viha,viha,/u/viha,2022-01-01
vincesalerno75,vincesalerno75,/u/vincesalerno75,2020-12-01
ViolettSmith,ViolettSmith,/u/ViolettSmith,2024-02-01
vishal%4098,vishal@98,/u/vishal%4098,2023-02-01
Vishnu_Dileep,Vishnu_Dileep,/u/Vishnu_Dileep,2017-08-01
visperish_garvm,Visperish,/u/visperish_garvm,2024-01-01
Vixor,Victor Müntzing,/u/Vixor,2024-03-01
vizinet,Vizinet,/u/vizinet,2023-07-01
vlad.mihalca,Vlad Mihalca,/u/vlad.mihalca,2022-01-01
Vlyood,Vlyood,/u/Vlyood,2019-01-01
Vogel,Vogel,/u/Vogel,2018-10-01
VolcanoAl,VolcanoAl,/u/VolcanoAl,2013-07-01
vrabaci,vrabaci,/u/vrabaci,2021-12-01
vylmen,vylmen,/u/vylmen,2020-10-01
WAKEWOOD,Wait and try again,/u/WAKEWOOD,1900-01-01
Wanderless,Wanderless,/u/Wanderless,2017-04-01
waqas117,waqas akram,/u/waqas117,2016-06-01
warren23,warren23,/u/warren23,2020-02-01
Weedinator,Weedinator,/u/Weedinator,2017-12-01
Wehrmacht,Wehrmacht,/u/Wehrmacht,2015-10-01
westcoast.wanderlust,westcoast.wanderlust,/u/westcoast.wanderlust,2024-05-01
whatowatch,whatowatch,/u/whatowatch,2016-07-01
whitsbrain,whitsbrain,/u/whitsbrain,2024-01-01
wiccaburr,Wiccaburr,/u/wiccaburr,2020-09-01
WideEyes,WideEyes,/u/WideEyes,2021-03-01
wilburKlick,wilburKlick,/u/wilburKlick,2017-08-01
WilsonWatches,WilsonWatches,/u/WilsonWatches,2019-03-01
WiSpider,WiSpider,/u/WiSpider,2022-01-01
wizzardss,wizzardss,/u/wizzardss,2021-01-01
wlharman,wlharman,/u/wlharman,2019-10-01
wlodi,wlodi,/u/wlodi,2022-03-01
wogelib503,This user has been suspended,/u/wogelib503,1900-01-01
wogsurfer,David,/u/wogsurfer,2019-10-01
Wong+Kentir,Wong Kentir,/u/Wong+Kentir,2015-03-01
WongKentir,Wong,/u/WongKentir,2016-01-01
wouter1301,wouter1301,/u/wouter1301,2014-11-01
write2topcat,write2topcat,/u/write2topcat,2017-02-01
WrongPilot,Axel,/u/WrongPilot,2018-06-01
Wuchak,Wuchak,/u/Wuchak,2018-02-01
xerxes2020,Rob,/u/xerxes2020,2015-05-01
xut,xut,/u/xut,2021-09-01
yahyaharyantoo,yahyaharyantoo,/u/yahyaharyantoo,2021-01-01
yankeesfan,yankeesfan,/u/yankeesfan,2019-06-01
YassinRaouf,Yassin,/u/YassinRaouf,2019-05-01
YearOneFun,YearOneFun,/u/YearOneFun,2023-12-01
YetAnotherMovieWatcher,YetAnotherMovieWatcher,/u/YetAnotherMovieWatcher,2017-11-01
Yinse,Yinse,/u/Yinse,2019-04-01
yoshikagekira1999,Alex,/u/yoshikagekira1999,2022-02-01
YouShouldKnow,YouShouldKnow,/u/YouShouldKnow,2017-08-01
ypnos,ypnos,/u/ypnos,2014-01-01
YuanTian,YuanTian,/u/YuanTian,2018-11-01
Yuva_Kumar,Yuva_Kumar,/u/Yuva_Kumar,2023-12-01
Yvonnelim99,Yvonnelim99,/u/Yvonnelim99,2023-05-01
YYMBR,YYMBR,/u/YYMBR,2017-02-01
zag2me,zag,/u/zag2me,2008-09-01
Zamomin,Zamomin,/u/Zamomin,2018-07-01
zaynerocks128isback,This user has been suspended,/u/zaynerocks128isback,1900-01-01
ZenMaster_Flash,ZenMaster_Flash,/u/ZenMaster_Flash,2012-12-01
zenorking,zenorking,/u/zenorking,2014-09-01
zerolimit,zerolimit,/u/zerolimit,2011-05-01
Zevi+Wolmark,This user has been suspended,/u/Zevi+Wolmark,1900-01-01
ZHidayaturahman,ZHidayaturahman,/u/ZHidayaturahman,2019-07-01
ZION-LION,ryan jhonson,/u/ZION-LION,2020-04-01
zmmetz,zmmetz,/u/zmmetz,2021-07-01
zombieakacris,zombieakacris,/u/zombieakacris,2019-11-01
Zuqenshi,Evan Zuqenshi,/u/Zuqenshi,2014-10-01
